{
  "delta_px": 16,
  "focal_px": 4500.0,
  "baseline_m": 0.1,
  "zdp_m": 28.125,
  "disp_min": -14.719493865966797,
  "disp_max": 223.25900268554688,
  "pct_negative": 42.4512939453125,
  "pct_positive": 57.54870605468751,
  "K_L": [
    [
      4500.0,
      0.0,
      952.0
    ],
    [
      0.0,
      4500.0,
      640.0
    ],
    [
      0.0,
      0.0,
      1.0
    ]
  ],
  "K_R": [
    [
      4500.0,
      0.0,
      968.0
    ],
    [
      0.0,
      4500.0,
      640.0
    ],
    [
      0.0,
      0.0,
      1.0
    ]
  ],
  "resolution_x": 1920,
  "resolution_y": 1280
}