{
  "delta_px": -16,
  "focal_px": 4500.0,
  "baseline_m": 0.1,
  "zdp_m": -28.125,
  "disp_min": 17.280534744262695,
  "disp_max": 255.27320861816406,
  "pct_negative": 0.0,
  "pct_positive": 100.0,
  "K_L": [
    [
      4500.0,
      0.0,
      968.0
    ],
    [
      0.0,
      4500.0,
      640.0
    ],
    [
      0.0,
      0.0,
      1.0
    ]
  ],
  "K_R": [
    [
      4500.0,
      0.0,
      952.0
    ],
    [
      0.0,
      4500.0,
      640.0
    ],
    [
      0.0,
      0.0,
      1.0
    ]
  ],
  "resolution_x": 1920,
  "resolution_y": 1280
}