{
  "delta_px": 0,
  "focal_px": 4500.0,
  "baseline_m": 0.1,
  "zdp_m": null,
  "disp_min": 1.2804887294769287,
  "disp_max": 239.14866638183594,
  "pct_negative": 0.0,
  "pct_positive": 100.0,
  "K_L": [
    [
      4500.0,
      0.0,
      960.0
    ],
    [
      0.0,
      4500.0,
      640.0
    ],
    [
      0.0,
      0.0,
      1.0
    ]
  ],
  "K_R": [
    [
      4500.0,
      0.0,
      960.0
    ],
    [
      0.0,
      4500.0,
      640.0
    ],
    [
      0.0,
      0.0,
      1.0
    ]
  ],
  "resolution_x": 1920,
  "resolution_y": 1280
}