{
  "delta_px": 32,
  "focal_px": 4500.0,
  "baseline_m": 0.1,
  "zdp_m": 14.0625,
  "disp_min": -30.719499588012695,
  "disp_max": 207.03732299804688,
  "pct_negative": 43.522013346354164,
  "pct_positive": 56.47798665364583,
  "K_L": [
    [
      4500.0,
      0.0,
      944.0
    ],
    [
      0.0,
      4500.0,
      640.0
    ],
    [
      0.0,
      0.0,
      1.0
    ]
  ],
  "K_R": [
    [
      4500.0,
      0.0,
      976.0
    ],
    [
      0.0,
      4500.0,
      640.0
    ],
    [
      0.0,
      0.0,
      1.0
    ]
  ],
  "resolution_x": 1920,
  "resolution_y": 1280
}