{
  "delta_px": 24,
  "focal_px": 4500.0,
  "baseline_m": 0.1,
  "zdp_m": 18.75,
  "disp_min": -22.719465255737305,
  "disp_max": 215.4227752685547,
  "pct_negative": 43.273844401041664,
  "pct_positive": 56.726155598958336,
  "K_L": [
    [
      4500.0,
      0.0,
      948.0
    ],
    [
      0.0,
      4500.0,
      640.0
    ],
    [
      0.0,
      0.0,
      1.0
    ]
  ],
  "K_R": [
    [
      4500.0,
      0.0,
      972.0
    ],
    [
      0.0,
      4500.0,
      640.0
    ],
    [
      0.0,
      0.0,
      1.0
    ]
  ],
  "resolution_x": 1920,
  "resolution_y": 1280
}